,Epoch_time,Throttle,Steering
1669707237_6,-0.0,-0.0
1669707238_2,-0.0,-0.0
1669707238_8,-0.5876338999603259,-0.0
1669707239_3,-0.0,0.4742576372569964
1669707239_9,-0.0,-0.0
1669707240_5,-0.0,-0.0
1669707241_2,-0.0,-0.0
1669707241_7,-0.0,-0.0
1669707242_3,-0.0,0.7319864497817926
1669707242_9,-0.0,-0.0
1669707243_5,-0.0,-0.0
1669707244_1,-0.0,-0.0
1669707248_4,-0.0,-0.0
1669707249_0,-0.0,-0.0
1669707249_6,-0.0,-0.0
